question_id,question,reference_answer,expected_answerable,no_rag_answer,rag_answer,retrieved_chunk_ids,retrieved_similarities,retrieved_chunks,no_rag_response_seconds,rag_response_seconds,no_rag_correctness,rag_correctness,rag_groundedness,retrieval_hit,hallucination_handling,review_notes
1,What is the difference between a datum and data?,A datum is one observation or piece of information; data is the plural term for multiple observations.,True,"A datum is a single value or a specific piece of information, while data refers to the collection or set of these values. For example, if you have a dataset of exam scores, each score is a datum, and the entire set is data.","The difference between a datum and data is that datum refers to a singular given value, observation, or point of reference, while data is the plural term for multiple observations. [Chunk 1] and [Chunk 4] both clarify this distinction.","[1, 4, 5]","[0.774686, 0.662457, 0.62859]","[{""chunk_id"": 1, ""text"": ""ght from data to support decisions and innovation in areas such as business, health care, and entertainment. Its modern growth accelerated as digital data, computing capacity, and technology expanded. The rise of large, complex datasets created demand for more advanced analysis, making data science important across many industries. People have recorded data for a very long time; digital scale and modern tools are what changed rapidly.\nData, datum, and information\nDatum is the singular form and refers to one given value, observation, or point of reference. Data is the plural term for multiple observations. Data is not limited to numbers. Text, symbols, descriptions, images, and other material can count as data when they can be analyzed to produce information or higher-level insight.\nFor example, a course-evaluation table can contain semester, instructor, class size, and rating. A single rating does not by itself decide whether a student should enroll.""}, {""chunk_id"": 4, ""text"": ""thermometer measurement with units. It is continuous because a temperature reading can take any real-number value within the measurement context, giving an effectively infinite set of possible values. “Needed a Jacket?” is categorical because its values come from the finite labels Yes and No. It is nominal because those labels have no natural ranking.\nDatasets, entities, and attributes\nA dataset is a collection of observations or data entities organized so they can be analyzed and interpreted. In a tabular dataset, a row commonly represents a unique entity, item, entry, or instance. A column represents an attribute, feature, variable, or characteristic shared by the entities. An entity is therefore the thing or observation being described; an attribute is one property used to describe it.\nA course-evaluation dataset might have one row for each semester offering and columns for semester, instructor, class size, and rating.""}, {""chunk_id"": 5, ""text"": ""ing described; an attribute is one property used to describe it.\nA course-evaluation dataset might have one row for each semester offering and columns for semester, instructor, class size, and rating. The values differ by entity, while each entity follows the same set of attributes.\nStructured and unstructured data\nA structured dataset uses a predefined, consistent organization. Its entities have the same attributes, fields and relationships are clearly defined, and values can usually fit into rows and columns. A jacket table with Date, Temperature, and Needed a Jacket is structured because each daily item has those same three attributes and every value fits a table cell.\nAn unstructured dataset lacks a fixed schema or predefined data model. Its contents do not fit neatly into consistent rows and columns. Common forms include free-form text, images, video, and audio.""}]",1.9657262079999782,1.0680533750019094,2,2,1,1,,
2,How does the textbook define a dataset?,A dataset is a collection of observations or data entities organized for analysis and interpretation.,True,"A dataset is defined as a collection of data points, typically structured as rows and columns, containing numerical or categorical information.","The textbook defines a dataset as a collection of observations or data entities organized for analysis. In a tabular dataset, a row represents a unique entity, and a column represents an attribute. [Chunk 0] [Chunk 1]","[4, 0, 1]","[0.756158, 0.675968, 0.67121]","[{""chunk_id"": 4, ""text"": ""thermometer measurement with units. It is continuous because a temperature reading can take any real-number value within the measurement context, giving an effectively infinite set of possible values. “Needed a Jacket?” is categorical because its values come from the finite labels Yes and No. It is nominal because those labels have no natural ranking.\nDatasets, entities, and attributes\nA dataset is a collection of observations or data entities organized so they can be analyzed and interpreted. In a tabular dataset, a row commonly represents a unique entity, item, entry, or instance. A column represents an attribute, feature, variable, or characteristic shared by the entities. An entity is therefore the thing or observation being described; an attribute is one property used to describe it.\nA course-evaluation dataset might have one row for each semester offering and columns for semester, instructor, class size, and rating.""}, {""chunk_id"": 0, ""text"": ""OpenStax Principles of Data Science — Section 1.3 Study Text\nSource: Ault, Shaun V.; Liao, Soohyun Nam; and Musolino, Larry. Principles of Data Science, section 1.3, “Data and Datasets.” OpenStax, 2025.\nSection URL: https://openstax.org/books/principles-data-science/pages/1-3-data-and-datasets License noted by the source: CC BY-NC-SA.\nAbout this file\nThis is a concise, instructor-prepared paraphrase of the assigned section, not a verbatim copy. It is bundled so the baseline notebook can run without web access. Before submitting academic work, compare it with the assigned OpenStax section and replace it with an instructor-approved local export if required.\nData and the growth of data science\nData science extracts information and insight from data to support decisions and innovation in areas such as business, health care, and entertainment. Its modern growth accelerated as digital data, computing capacity, and technology expanded.""}, {""chunk_id"": 1, ""text"": ""ght from data to support decisions and innovation in areas such as business, health care, and entertainment. Its modern growth accelerated as digital data, computing capacity, and technology expanded. The rise of large, complex datasets created demand for more advanced analysis, making data science important across many industries. People have recorded data for a very long time; digital scale and modern tools are what changed rapidly.\nData, datum, and information\nDatum is the singular form and refers to one given value, observation, or point of reference. Data is the plural term for multiple observations. Data is not limited to numbers. Text, symbols, descriptions, images, and other material can count as data when they can be analyzed to produce information or higher-level insight.\nFor example, a course-evaluation table can contain semester, instructor, class size, and rating. A single rating does not by itself decide whether a student should enroll.""}]",0.8632126670017897,1.2730926660005935,1,2,1,1,,No-RAG is broadly correct but narrows datasets to tabular numeric or categorical data and omits organization for analysis.
3,What is the difference between structured and unstructured data?,Structured data follows a predefined consistent schema with clearly defined fields; unstructured data lacks a fixed schema and does not fit neatly into rows and columns.,True,"Structured data is organized, with a fixed format (e.g., tables, databases), while unstructured data is more flexible and can include text, images, or videos.","Structured data has a predefined schema with consistent fields and tabular organization, while unstructured lacks a fixed structure and can include formats like free-form text, images, or audio. Structured data, such as CSV or JSON, is easier to analyze because of its consistent attributes, whereas unstructured data (like unstructured datasets) can be transformed into structured formats for systematic analysis. [Chunk 5] [Chunk 6] [Chunk 7]","[6, 5, 7]","[0.810465, 0.808065, 0.684122]","[{""chunk_id"": 6, ""text"": "".\nAn unstructured dataset lacks a fixed schema or predefined data model. Its contents do not fit neatly into consistent rows and columns. Common forms include free-form text, images, video, and audio. Examples discussed in the section include product reviews on Amazon, posts on Twitter, public Instagram images, short TikTok videos, and free-form web-search phrases.\nStructured data is often easier to analyze because its consistent fields and tabular organization let tools compare the same attributes across records. Organizations may process unstructured material into a structured dataset to make systematic analysis possible. For example, free-form searches could be reduced to a short keyword field plus a timestamp, giving every record the same two attributes.""}, {""chunk_id"": 5, ""text"": ""ing described; an attribute is one property used to describe it.\nA course-evaluation dataset might have one row for each semester offering and columns for semester, instructor, class size, and rating. The values differ by entity, while each entity follows the same set of attributes.\nStructured and unstructured data\nA structured dataset uses a predefined, consistent organization. Its entities have the same attributes, fields and relationships are clearly defined, and values can usually fit into rows and columns. A jacket table with Date, Temperature, and Needed a Jacket is structured because each daily item has those same three attributes and every value fits a table cell.\nAn unstructured dataset lacks a fixed schema or predefined data model. Its contents do not fit neatly into consistent rows and columns. Common forms include free-form text, images, video, and audio.""}, {""chunk_id"": 7, ""text"": ""into a structured dataset to make systematic analysis possible. For example, free-form searches could be reduced to a short keyword field plus a timestamp, giving every record the same two attributes. That transformation can lose nuance, so the processing choice should match the analysis goal.\nStructured dataset formats\nThe section introduces three common plain-text formats for structured datasets: comma-separated values (CSV), JavaScript Object Notation (JSON), and Extensible Markup Language (XML).\nCSV is a simple, flat representation suited to tabular data. Each item is stored on one line, and commas separate its attribute values. Spreadsheet programs can show the file as a table. CSV is simple, but metadata is difficult to include and special characters can complicate parsing.\nJSON represents information through keys and values, objects, and arrays. Keys can name attributes, while their paired values store the corresponding observations.""}]",0.8365013330003421,1.8811320830027398,2,2,1,1,,
4,What characteristics make a dataset structured?,Its entities share the same attributes or fields and their values follow a consistent organization such as rows and columns.,True,"A dataset is structured if it is organized in rows and columns, has clean and accurate data, includes clear variables, and is properly formatted for analysis.","A dataset is structured if it has a predefined, consistent organization with entities and attributes that are clearly defined, and values fit neatly into rows and columns. For example, a structured dataset uses a tabular format with rows representing unique entities and columns attributes, while an unstructured dataset lacks a fixed schema. The attributes are consistent, and entities share the same attributes. [Chunk 4]","[5, 6, 4]","[0.751706, 0.721273, 0.718251]","[{""chunk_id"": 5, ""text"": ""ing described; an attribute is one property used to describe it.\nA course-evaluation dataset might have one row for each semester offering and columns for semester, instructor, class size, and rating. The values differ by entity, while each entity follows the same set of attributes.\nStructured and unstructured data\nA structured dataset uses a predefined, consistent organization. Its entities have the same attributes, fields and relationships are clearly defined, and values can usually fit into rows and columns. A jacket table with Date, Temperature, and Needed a Jacket is structured because each daily item has those same three attributes and every value fits a table cell.\nAn unstructured dataset lacks a fixed schema or predefined data model. Its contents do not fit neatly into consistent rows and columns. Common forms include free-form text, images, video, and audio.""}, {""chunk_id"": 6, ""text"": "".\nAn unstructured dataset lacks a fixed schema or predefined data model. Its contents do not fit neatly into consistent rows and columns. Common forms include free-form text, images, video, and audio. Examples discussed in the section include product reviews on Amazon, posts on Twitter, public Instagram images, short TikTok videos, and free-form web-search phrases.\nStructured data is often easier to analyze because its consistent fields and tabular organization let tools compare the same attributes across records. Organizations may process unstructured material into a structured dataset to make systematic analysis possible. For example, free-form searches could be reduced to a short keyword field plus a timestamp, giving every record the same two attributes.""}, {""chunk_id"": 4, ""text"": ""thermometer measurement with units. It is continuous because a temperature reading can take any real-number value within the measurement context, giving an effectively infinite set of possible values. “Needed a Jacket?” is categorical because its values come from the finite labels Yes and No. It is nominal because those labels have no natural ranking.\nDatasets, entities, and attributes\nA dataset is a collection of observations or data entities organized so they can be analyzed and interpreted. In a tabular dataset, a row commonly represents a unique entity, item, entry, or instance. A column represents an attribute, feature, variable, or characteristic shared by the entities. An entity is therefore the thing or observation being described; an attribute is one property used to describe it.\nA course-evaluation dataset might have one row for each semester offering and columns for semester, instructor, class size, and rating.""}]",1.4479490829980932,1.4364818750000268,1,2,1,1,,No-RAG identifies tabular organization but adds cleanliness and accuracy as if they define structure.
5,What are examples of unstructured datasets mentioned in the section?,Examples include Amazon product reviews; Twitter posts; public Instagram images; TikTok short videos; and free-form web-search phrases.,True,"If the section is not provided, I cannot specify examples. However, common unstructured datasets include text, images, videos, or raw data. For precise examples, please refer to the specific content of the section.","Examples of unstructured datasets mentioned in the section include product reviews on Amazon, posts on Twitter, public Instagram images, short TikTok videos, and free-form web-search phrases. [Chunk 6]","[6, 5, 7]","[0.782291, 0.732259, 0.701556]","[{""chunk_id"": 6, ""text"": "".\nAn unstructured dataset lacks a fixed schema or predefined data model. Its contents do not fit neatly into consistent rows and columns. Common forms include free-form text, images, video, and audio. Examples discussed in the section include product reviews on Amazon, posts on Twitter, public Instagram images, short TikTok videos, and free-form web-search phrases.\nStructured data is often easier to analyze because its consistent fields and tabular organization let tools compare the same attributes across records. Organizations may process unstructured material into a structured dataset to make systematic analysis possible. For example, free-form searches could be reduced to a short keyword field plus a timestamp, giving every record the same two attributes.""}, {""chunk_id"": 5, ""text"": ""ing described; an attribute is one property used to describe it.\nA course-evaluation dataset might have one row for each semester offering and columns for semester, instructor, class size, and rating. The values differ by entity, while each entity follows the same set of attributes.\nStructured and unstructured data\nA structured dataset uses a predefined, consistent organization. Its entities have the same attributes, fields and relationships are clearly defined, and values can usually fit into rows and columns. A jacket table with Date, Temperature, and Needed a Jacket is structured because each daily item has those same three attributes and every value fits a table cell.\nAn unstructured dataset lacks a fixed schema or predefined data model. Its contents do not fit neatly into consistent rows and columns. Common forms include free-form text, images, video, and audio.""}, {""chunk_id"": 7, ""text"": ""into a structured dataset to make systematic analysis possible. For example, free-form searches could be reduced to a short keyword field plus a timestamp, giving every record the same two attributes. That transformation can lose nuance, so the processing choice should match the analysis goal.\nStructured dataset formats\nThe section introduces three common plain-text formats for structured datasets: comma-separated values (CSV), JavaScript Object Notation (JSON), and Extensible Markup Language (XML).\nCSV is a simple, flat representation suited to tabular data. Each item is stored on one line, and commas separate its attribute values. Spreadsheet programs can show the file as a table. CSV is simple, but metadata is difficult to include and special characters can complicate parsing.\nJSON represents information through keys and values, objects, and arrays. Keys can name attributes, while their paired values store the corresponding observations.""}]",0.928182542000286,0.922632750000048,0,2,1,1,,No-RAG does not provide the examples mentioned in the assigned section.
6,What is the difference between an item or entity and an attribute in a dataset?,An item or entity is one observation being described; an attribute is a feature or characteristic used to describe every such entity.,True,"An item or entity is the main unit in a dataset, while an attribute is a characteristic or detail that describes it. For example, if you have a dataset of people, each person is an item, and their age, height, or color are attributes.","The difference between an item or entity and an attribute in a dataset is that entities are the actual items or observations being described, while attributes are the properties or characteristics they hold. For example, in a jacket table, entities like ""jacket"" and attributes like ""date"" or ""temperature"" are distinct. Cite [Chunk 4] and [Chunk 5].","[4, 5, 8]","[0.81618, 0.738014, 0.668015]","[{""chunk_id"": 4, ""text"": ""thermometer measurement with units. It is continuous because a temperature reading can take any real-number value within the measurement context, giving an effectively infinite set of possible values. “Needed a Jacket?” is categorical because its values come from the finite labels Yes and No. It is nominal because those labels have no natural ranking.\nDatasets, entities, and attributes\nA dataset is a collection of observations or data entities organized so they can be analyzed and interpreted. In a tabular dataset, a row commonly represents a unique entity, item, entry, or instance. A column represents an attribute, feature, variable, or characteristic shared by the entities. An entity is therefore the thing or observation being described; an attribute is one property used to describe it.\nA course-evaluation dataset might have one row for each semester offering and columns for semester, instructor, class size, and rating.""}, {""chunk_id"": 5, ""text"": ""ing described; an attribute is one property used to describe it.\nA course-evaluation dataset might have one row for each semester offering and columns for semester, instructor, class size, and rating. The values differ by entity, while each entity follows the same set of attributes.\nStructured and unstructured data\nA structured dataset uses a predefined, consistent organization. Its entities have the same attributes, fields and relationships are clearly defined, and values can usually fit into rows and columns. A jacket table with Date, Temperature, and Needed a Jacket is structured because each daily item has those same three attributes and every value fits a table cell.\nAn unstructured dataset lacks a fixed schema or predefined data model. Its contents do not fit neatly into consistent rows and columns. Common forms include free-form text, images, video, and audio.""}, {""chunk_id"": 8, ""text"": ""l characters can complicate parsing.\nJSON represents information through keys and values, objects, and arrays. Keys can name attributes, while their paired values store the corresponding observations. JSON is compatible with many programming languages, is relatively easy to parse, and is well suited to exchanging data between a user and a server. Compared with CSV’s flat rows and comma-separated fields, JSON can express nested object and array structure. The section notes that JSON is less convenient for comments and metadata.\nXML uses named opening and closing tags to represent items and their attributes. Its tagged structure is verbose, but it supports metadata and hierarchical structures. XML can also accompany image datasets as annotation files.\nSection boundaries\nThis section explains definitions and examples for data, data types, datasets, structure, entities, attributes, CSV, JSON, and XML. It does not explain how cosine similarity is calculated.""}]",1.3075012499975855,1.6891885420009203,2,1,0.5,1,,RAG gives the correct distinction but incorrectly treats jacket as an entity; the table entities are the daily observations or rows.
7,Why is temperature considered continuous numeric data in the jacket example?,Temperature is a measured quantity with numeric values and units; it is continuous because a reading can take any real-number value from an infinite set.,True,"Temperature is considered continuous numeric data in the jacket example because it can take any value on a continuous scale, allowing for precise measurements like 25.5°C, 30°C, etc.","Temperature is considered continuous numeric data in the jacket example because it represents a thermometer measurement with units, and a temperature reading can take any real-number value within the measurement context, giving an effectively infinite set of possible values. [Chunk 3]","[3, 4, 2]","[0.692676, 0.685389, 0.630805]","[{""chunk_id"": 3, ""text"": ""ibes nonnumeric characteristics or subjective material. Descriptions, interviews, open-ended responses, photographs, and social-media posts are examples.\nNumeric data represents measurable quantities. Continuous numeric values may be selected from an infinite set of possible values, while discrete values follow a precision or restriction that leaves a finite set in the relevant context. Context can affect this classification.\nCategorical data chooses values from a finite set of labels or symbols and need not measure an amount. Nominal categories do not have an inherent order. Ordinal categories do have an ordering. Instructor identifiers are nominal; recommendation ratings ranging from low to high are ordinal.\nJacket example\nIn the jacket dataset, temperature is numeric because it is a thermometer measurement with units. It is continuous because a temperature reading can take any real-number value within the measurement context, giving an effectively infinite set of possible values.""}, {""chunk_id"": 4, ""text"": ""thermometer measurement with units. It is continuous because a temperature reading can take any real-number value within the measurement context, giving an effectively infinite set of possible values. “Needed a Jacket?” is categorical because its values come from the finite labels Yes and No. It is nominal because those labels have no natural ranking.\nDatasets, entities, and attributes\nA dataset is a collection of observations or data entities organized so they can be analyzed and interpreted. In a tabular dataset, a row commonly represents a unique entity, item, entry, or instance. A column represents an attribute, feature, variable, or characteristic shared by the entities. An entity is therefore the thing or observation being described; an attribute is one property used to describe it.\nA course-evaluation dataset might have one row for each semester offering and columns for semester, instructor, class size, and rating.""}, {""chunk_id"": 2, ""text"": ""ion or higher-level insight.\nFor example, a course-evaluation table can contain semester, instructor, class size, and rating. A single rating does not by itself decide whether a student should enroll. Looking across the observations and their attributes can produce information useful for that decision. Likewise, several days of temperatures and yes-or-no jacket choices are observations; analyzing them may inform whether to wear a jacket today.\nQuantitative, qualitative, numeric, and categorical data\nQuantitative data expresses quantities, generally with numbers, and can be studied statistically. Examples include height, weight, temperature, heart rate, and sales. Qualitative data describes nonnumeric characteristics or subjective material. Descriptions, interviews, open-ended responses, photographs, and social-media posts are examples.\nNumeric data represents measurable quantities.""}]",1.1820093749993248,1.2072964170001796,2,2,1,1,,
8,Why is the “Needed a Jacket?” column considered categorical nominal data?,Its values are labels from the finite set Yes and No and those labels have no inherent order.,True,"The ""Needed a Jacket?"" column is considered categorical nominal data because it categorizes the type of clothing needed (e.g., ""Need a Jacket,"" ""Need a Sweater,"" etc.) and each category is distinct and can be ranked or ordered. Nominal data involves mutually exclusive categories with no inherent order, making this column a valid example.","The ""Needed a Jacket?"" column is categorical because its values are finite (Yes and No) and do not have a natural order, while being nominal because those labels have no inherent ranking. [Chunk 4] and [Chunk 2] provide the reasoning.","[4, 3, 2]","[0.713985, 0.67726, 0.643496]","[{""chunk_id"": 4, ""text"": ""thermometer measurement with units. It is continuous because a temperature reading can take any real-number value within the measurement context, giving an effectively infinite set of possible values. “Needed a Jacket?” is categorical because its values come from the finite labels Yes and No. It is nominal because those labels have no natural ranking.\nDatasets, entities, and attributes\nA dataset is a collection of observations or data entities organized so they can be analyzed and interpreted. In a tabular dataset, a row commonly represents a unique entity, item, entry, or instance. A column represents an attribute, feature, variable, or characteristic shared by the entities. An entity is therefore the thing or observation being described; an attribute is one property used to describe it.\nA course-evaluation dataset might have one row for each semester offering and columns for semester, instructor, class size, and rating.""}, {""chunk_id"": 3, ""text"": ""ibes nonnumeric characteristics or subjective material. Descriptions, interviews, open-ended responses, photographs, and social-media posts are examples.\nNumeric data represents measurable quantities. Continuous numeric values may be selected from an infinite set of possible values, while discrete values follow a precision or restriction that leaves a finite set in the relevant context. Context can affect this classification.\nCategorical data chooses values from a finite set of labels or symbols and need not measure an amount. Nominal categories do not have an inherent order. Ordinal categories do have an ordering. Instructor identifiers are nominal; recommendation ratings ranging from low to high are ordinal.\nJacket example\nIn the jacket dataset, temperature is numeric because it is a thermometer measurement with units. It is continuous because a temperature reading can take any real-number value within the measurement context, giving an effectively infinite set of possible values.""}, {""chunk_id"": 2, ""text"": ""ion or higher-level insight.\nFor example, a course-evaluation table can contain semester, instructor, class size, and rating. A single rating does not by itself decide whether a student should enroll. Looking across the observations and their attributes can produce information useful for that decision. Likewise, several days of temperatures and yes-or-no jacket choices are observations; analyzing them may inform whether to wear a jacket today.\nQuantitative, qualitative, numeric, and categorical data\nQuantitative data expresses quantities, generally with numbers, and can be studied statistically. Examples include height, weight, temperature, heart rate, and sales. Qualitative data describes nonnumeric characteristics or subjective material. Descriptions, interviews, open-ended responses, photographs, and social-media posts are examples.\nNumeric data represents measurable quantities.""}]",1.3391940830006206,1.146964667001157,1,2,1,1,,No-RAG states the nominal definition but invents additional category values and contradictorily says the categories can be ordered.
9,Why can structured data be easier to analyze than unstructured data?,Consistent fields and a tabular organization make the same attributes easy to compare across records; unstructured data lacks that fixed organization.,True,"Structured data is easier to analyze than unstructured because it has a fixed format, making it easier to organize and query. Tools like SQL (built on databases) allow for straightforward data manipulation, while unstructured data often requires complex tools like NLP. Structured data is also scalable and can be used in data warehouses, making it more efficient for analysis.","Structured data is easier to analyze because it has a fixed schema with consistent fields, allowing tools to compare attributes across records [Chunk 5]. Additionally, its tabular structure preserves attributes, making comparisons systematic [Chunk 6]. Transformations into structured formats, like reducing free-form searches to keyword and timestamp, align with analysis goals [Chunk 7].","[6, 5, 7]","[0.805923, 0.735039, 0.694217]","[{""chunk_id"": 6, ""text"": "".\nAn unstructured dataset lacks a fixed schema or predefined data model. Its contents do not fit neatly into consistent rows and columns. Common forms include free-form text, images, video, and audio. Examples discussed in the section include product reviews on Amazon, posts on Twitter, public Instagram images, short TikTok videos, and free-form web-search phrases.\nStructured data is often easier to analyze because its consistent fields and tabular organization let tools compare the same attributes across records. Organizations may process unstructured material into a structured dataset to make systematic analysis possible. For example, free-form searches could be reduced to a short keyword field plus a timestamp, giving every record the same two attributes.""}, {""chunk_id"": 5, ""text"": ""ing described; an attribute is one property used to describe it.\nA course-evaluation dataset might have one row for each semester offering and columns for semester, instructor, class size, and rating. The values differ by entity, while each entity follows the same set of attributes.\nStructured and unstructured data\nA structured dataset uses a predefined, consistent organization. Its entities have the same attributes, fields and relationships are clearly defined, and values can usually fit into rows and columns. A jacket table with Date, Temperature, and Needed a Jacket is structured because each daily item has those same three attributes and every value fits a table cell.\nAn unstructured dataset lacks a fixed schema or predefined data model. Its contents do not fit neatly into consistent rows and columns. Common forms include free-form text, images, video, and audio.""}, {""chunk_id"": 7, ""text"": ""into a structured dataset to make systematic analysis possible. For example, free-form searches could be reduced to a short keyword field plus a timestamp, giving every record the same two attributes. That transformation can lose nuance, so the processing choice should match the analysis goal.\nStructured dataset formats\nThe section introduces three common plain-text formats for structured datasets: comma-separated values (CSV), JavaScript Object Notation (JSON), and Extensible Markup Language (XML).\nCSV is a simple, flat representation suited to tabular data. Each item is stored on one line, and commas separate its attribute values. Spreadsheet programs can show the file as a table. CSV is simple, but metadata is difficult to include and special characters can complicate parsing.\nJSON represents information through keys and values, objects, and arrays. Keys can name attributes, while their paired values store the corresponding observations.""}]",1.2780557500009309,1.3401354999987234,2,2,1,1,,
10,What structured data formats are introduced in the section?,The section introduces CSV; JSON; and XML.,True,The question is incomplete as it lacks context about the specific section or course. Could you clarify the section or course you're referring to?,"The structured data formats introduced in the section are CSV, JSON, and XML. [Chunk 7] and [Chunk 5] provide the necessary information.","[7, 5, 6]","[0.742432, 0.709145, 0.707056]","[{""chunk_id"": 7, ""text"": ""into a structured dataset to make systematic analysis possible. For example, free-form searches could be reduced to a short keyword field plus a timestamp, giving every record the same two attributes. That transformation can lose nuance, so the processing choice should match the analysis goal.\nStructured dataset formats\nThe section introduces three common plain-text formats for structured datasets: comma-separated values (CSV), JavaScript Object Notation (JSON), and Extensible Markup Language (XML).\nCSV is a simple, flat representation suited to tabular data. Each item is stored on one line, and commas separate its attribute values. Spreadsheet programs can show the file as a table. CSV is simple, but metadata is difficult to include and special characters can complicate parsing.\nJSON represents information through keys and values, objects, and arrays. Keys can name attributes, while their paired values store the corresponding observations.""}, {""chunk_id"": 5, ""text"": ""ing described; an attribute is one property used to describe it.\nA course-evaluation dataset might have one row for each semester offering and columns for semester, instructor, class size, and rating. The values differ by entity, while each entity follows the same set of attributes.\nStructured and unstructured data\nA structured dataset uses a predefined, consistent organization. Its entities have the same attributes, fields and relationships are clearly defined, and values can usually fit into rows and columns. A jacket table with Date, Temperature, and Needed a Jacket is structured because each daily item has those same three attributes and every value fits a table cell.\nAn unstructured dataset lacks a fixed schema or predefined data model. Its contents do not fit neatly into consistent rows and columns. Common forms include free-form text, images, video, and audio.""}, {""chunk_id"": 6, ""text"": "".\nAn unstructured dataset lacks a fixed schema or predefined data model. Its contents do not fit neatly into consistent rows and columns. Common forms include free-form text, images, video, and audio. Examples discussed in the section include product reviews on Amazon, posts on Twitter, public Instagram images, short TikTok videos, and free-form web-search phrases.\nStructured data is often easier to analyze because its consistent fields and tabular organization let tools compare the same attributes across records. Organizations may process unstructured material into a structured dataset to make systematic analysis possible. For example, free-form searches could be reduced to a short keyword field plus a timestamp, giving every record the same two attributes.""}]",1.0570117499992193,1.221299832999648,0,2,1,1,,No-RAG asks for missing context instead of naming the formats introduced in the section.
11,How does CSV differ from JSON when storing structured data?,CSV stores flat tabular records as lines with comma-separated values; JSON stores data as keys and values in objects and arrays and can represent nested structure.,True,"CSV stores structured data as text with commas separating fields, while JSON uses key-value pairs and is more flexible with arrays and objects. Both formats can store structured data, but JSON is more versatile and supports complex data types.","CSV is a simple, flat format with commas separating attributes, making it easier to parse for tabular data but less suitable for complex structures like JSON. JSON uses keys and values, objects, and arrays, offering better data structure support and compatibility with programming languages, though it is less convenient for comments and metadata. [Chunk 7, 8]","[7, 8, 6]","[0.745849, 0.737296, 0.631114]","[{""chunk_id"": 7, ""text"": ""into a structured dataset to make systematic analysis possible. For example, free-form searches could be reduced to a short keyword field plus a timestamp, giving every record the same two attributes. That transformation can lose nuance, so the processing choice should match the analysis goal.\nStructured dataset formats\nThe section introduces three common plain-text formats for structured datasets: comma-separated values (CSV), JavaScript Object Notation (JSON), and Extensible Markup Language (XML).\nCSV is a simple, flat representation suited to tabular data. Each item is stored on one line, and commas separate its attribute values. Spreadsheet programs can show the file as a table. CSV is simple, but metadata is difficult to include and special characters can complicate parsing.\nJSON represents information through keys and values, objects, and arrays. Keys can name attributes, while their paired values store the corresponding observations.""}, {""chunk_id"": 8, ""text"": ""l characters can complicate parsing.\nJSON represents information through keys and values, objects, and arrays. Keys can name attributes, while their paired values store the corresponding observations. JSON is compatible with many programming languages, is relatively easy to parse, and is well suited to exchanging data between a user and a server. Compared with CSV’s flat rows and comma-separated fields, JSON can express nested object and array structure. The section notes that JSON is less convenient for comments and metadata.\nXML uses named opening and closing tags to represent items and their attributes. Its tagged structure is verbose, but it supports metadata and hierarchical structures. XML can also accompany image datasets as annotation files.\nSection boundaries\nThis section explains definitions and examples for data, data types, datasets, structure, entities, attributes, CSV, JSON, and XML. It does not explain how cosine similarity is calculated.""}, {""chunk_id"": 6, ""text"": "".\nAn unstructured dataset lacks a fixed schema or predefined data model. Its contents do not fit neatly into consistent rows and columns. Common forms include free-form text, images, video, and audio. Examples discussed in the section include product reviews on Amazon, posts on Twitter, public Instagram images, short TikTok videos, and free-form web-search phrases.\nStructured data is often easier to analyze because its consistent fields and tabular organization let tools compare the same attributes across records. Organizations may process unstructured material into a structured dataset to make systematic analysis possible. For example, free-form searches could be reduced to a short keyword field plus a timestamp, giving every record the same two attributes.""}]",1.2320072500006063,1.1762049999997544,2,2,1,1,,
12,Why might an organization transform unstructured data before analysis?,It may convert unstructured content into consistent fields or records so data scientists can analyze it systematically.,True,"An organization might transform unstructured data before analysis to improve data quality, ensure compatibility with analysis tools, simplify processing, or enhance accessibility.","An organization might transform unstructured data into a structured format to enable systematic analysis, as structured data has a predefined schema and consistent attributes, facilitating easier comparison across records. This transformation is necessary to make unstructured data suitable for analysis, as outlined in [Chunk 5] and [Chunk 6].","[6, 5, 9]","[0.708379, 0.62067, 0.573384]","[{""chunk_id"": 6, ""text"": "".\nAn unstructured dataset lacks a fixed schema or predefined data model. Its contents do not fit neatly into consistent rows and columns. Common forms include free-form text, images, video, and audio. Examples discussed in the section include product reviews on Amazon, posts on Twitter, public Instagram images, short TikTok videos, and free-form web-search phrases.\nStructured data is often easier to analyze because its consistent fields and tabular organization let tools compare the same attributes across records. Organizations may process unstructured material into a structured dataset to make systematic analysis possible. For example, free-form searches could be reduced to a short keyword field plus a timestamp, giving every record the same two attributes.""}, {""chunk_id"": 5, ""text"": ""ing described; an attribute is one property used to describe it.\nA course-evaluation dataset might have one row for each semester offering and columns for semester, instructor, class size, and rating. The values differ by entity, while each entity follows the same set of attributes.\nStructured and unstructured data\nA structured dataset uses a predefined, consistent organization. Its entities have the same attributes, fields and relationships are clearly defined, and values can usually fit into rows and columns. A jacket table with Date, Temperature, and Needed a Jacket is structured because each daily item has those same three attributes and every value fits a table cell.\nAn unstructured dataset lacks a fixed schema or predefined data model. Its contents do not fit neatly into consistent rows and columns. Common forms include free-form text, images, video, and audio.""}, {""chunk_id"": 9, ""text"": ""boundaries\nThis section explains definitions and examples for data, data types, datasets, structure, entities, attributes, CSV, JSON, and XML. It does not explain how cosine similarity is calculated. It also does not explain how transformer neural networks generate embeddings. Those topics require material outside this section.""}]",0.8791001660028996,1.2501485829998273,2,1,0.5,1,,RAG gives the main reason but overstates that transformation is necessary; the source says organizations may transform data when systematic structured analysis is useful.
13,Why has data become increasingly important across modern industries?,The growth of digital data and computing created large complex datasets and new opportunities to extract insights for decisions and innovation across industries.,True,"Data has become increasingly important across modern industries due to its role in driving decision-making, enabling predictive analytics, and supporting AI-driven innovations. It enhances efficiency, improves customer experiences, and supports complex systems in fields like healthcare, finance, and logistics.","Data has become increasingly important across modern industries due to the expansion of digital data, computing capacity, and technology, which enabled advanced analysis. Additionally, structured data allows systematic analysis, making data science essential for decision-making and innovation in fields like business, healthcare, and entertainment. [Chunk 1, 0]","[1, 0, 6]","[0.750825, 0.621606, 0.595408]","[{""chunk_id"": 1, ""text"": ""ght from data to support decisions and innovation in areas such as business, health care, and entertainment. Its modern growth accelerated as digital data, computing capacity, and technology expanded. The rise of large, complex datasets created demand for more advanced analysis, making data science important across many industries. People have recorded data for a very long time; digital scale and modern tools are what changed rapidly.\nData, datum, and information\nDatum is the singular form and refers to one given value, observation, or point of reference. Data is the plural term for multiple observations. Data is not limited to numbers. Text, symbols, descriptions, images, and other material can count as data when they can be analyzed to produce information or higher-level insight.\nFor example, a course-evaluation table can contain semester, instructor, class size, and rating. A single rating does not by itself decide whether a student should enroll.""}, {""chunk_id"": 0, ""text"": ""OpenStax Principles of Data Science — Section 1.3 Study Text\nSource: Ault, Shaun V.; Liao, Soohyun Nam; and Musolino, Larry. Principles of Data Science, section 1.3, “Data and Datasets.” OpenStax, 2025.\nSection URL: https://openstax.org/books/principles-data-science/pages/1-3-data-and-datasets License noted by the source: CC BY-NC-SA.\nAbout this file\nThis is a concise, instructor-prepared paraphrase of the assigned section, not a verbatim copy. It is bundled so the baseline notebook can run without web access. Before submitting academic work, compare it with the assigned OpenStax section and replace it with an instructor-approved local export if required.\nData and the growth of data science\nData science extracts information and insight from data to support decisions and innovation in areas such as business, health care, and entertainment. Its modern growth accelerated as digital data, computing capacity, and technology expanded.""}, {""chunk_id"": 6, ""text"": "".\nAn unstructured dataset lacks a fixed schema or predefined data model. Its contents do not fit neatly into consistent rows and columns. Common forms include free-form text, images, video, and audio. Examples discussed in the section include product reviews on Amazon, posts on Twitter, public Instagram images, short TikTok videos, and free-form web-search phrases.\nStructured data is often easier to analyze because its consistent fields and tabular organization let tools compare the same attributes across records. Organizations may process unstructured material into a structured dataset to make systematic analysis possible. For example, free-form searches could be reduced to a short keyword field plus a timestamp, giving every record the same two attributes.""}]",0.8171517499977199,1.311577667001984,1,2,1,1,,No-RAG describes benefits and uses of data but omits the source's main cause: growth in digital data and computing capacity.
14,Does this section explain how cosine similarity is calculated?,No. The section does not provide information about how cosine similarity is calculated.,False,I don't have access to the specific content of the section. Could you provide the text or describe the section in more detail?,The course materials do not provide enough information. The context states that the section does not explain cosine similarity or transformer neural networks.,"[9, 8, 5]","[0.736817, 0.571892, 0.551363]","[{""chunk_id"": 9, ""text"": ""boundaries\nThis section explains definitions and examples for data, data types, datasets, structure, entities, attributes, CSV, JSON, and XML. It does not explain how cosine similarity is calculated. It also does not explain how transformer neural networks generate embeddings. Those topics require material outside this section.""}, {""chunk_id"": 8, ""text"": ""l characters can complicate parsing.\nJSON represents information through keys and values, objects, and arrays. Keys can name attributes, while their paired values store the corresponding observations. JSON is compatible with many programming languages, is relatively easy to parse, and is well suited to exchanging data between a user and a server. Compared with CSV’s flat rows and comma-separated fields, JSON can express nested object and array structure. The section notes that JSON is less convenient for comments and metadata.\nXML uses named opening and closing tags to represent items and their attributes. Its tagged structure is verbose, but it supports metadata and hierarchical structures. XML can also accompany image datasets as annotation files.\nSection boundaries\nThis section explains definitions and examples for data, data types, datasets, structure, entities, attributes, CSV, JSON, and XML. It does not explain how cosine similarity is calculated.""}, {""chunk_id"": 5, ""text"": ""ing described; an attribute is one property used to describe it.\nA course-evaluation dataset might have one row for each semester offering and columns for semester, instructor, class size, and rating. The values differ by entity, while each entity follows the same set of attributes.\nStructured and unstructured data\nA structured dataset uses a predefined, consistent organization. Its entities have the same attributes, fields and relationships are clearly defined, and values can usually fit into rows and columns. A jacket table with Date, Temperature, and Needed a Jacket is structured because each daily item has those same three attributes and every value fits a table cell.\nAn unstructured dataset lacks a fixed schema or predefined data model. Its contents do not fit neatly into consistent rows and columns. Common forms include free-form text, images, video, and audio.""}]",0.6498424999990675,1.027551291997952,1,2,1,,1,No-RAG avoids inventing an explanation but does not directly answer that the section lacks it; RAG handles the boundary correctly.
15,Does this section explain how transformer neural networks generate embeddings?,No. The section does not provide information about how transformer neural networks generate embeddings.,False,"Yes, the section explains how transformer neural networks generate embeddings by using self-attention mechanisms to process input sequences and identify relevant features, which are then used to create embeddings.",The course materials do not provide enough information.,"[9, 6, 4]","[0.726727, 0.506105, 0.50193]","[{""chunk_id"": 9, ""text"": ""boundaries\nThis section explains definitions and examples for data, data types, datasets, structure, entities, attributes, CSV, JSON, and XML. It does not explain how cosine similarity is calculated. It also does not explain how transformer neural networks generate embeddings. Those topics require material outside this section.""}, {""chunk_id"": 6, ""text"": "".\nAn unstructured dataset lacks a fixed schema or predefined data model. Its contents do not fit neatly into consistent rows and columns. Common forms include free-form text, images, video, and audio. Examples discussed in the section include product reviews on Amazon, posts on Twitter, public Instagram images, short TikTok videos, and free-form web-search phrases.\nStructured data is often easier to analyze because its consistent fields and tabular organization let tools compare the same attributes across records. Organizations may process unstructured material into a structured dataset to make systematic analysis possible. For example, free-form searches could be reduced to a short keyword field plus a timestamp, giving every record the same two attributes.""}, {""chunk_id"": 4, ""text"": ""thermometer measurement with units. It is continuous because a temperature reading can take any real-number value within the measurement context, giving an effectively infinite set of possible values. “Needed a Jacket?” is categorical because its values come from the finite labels Yes and No. It is nominal because those labels have no natural ranking.\nDatasets, entities, and attributes\nA dataset is a collection of observations or data entities organized so they can be analyzed and interpreted. In a tabular dataset, a row commonly represents a unique entity, item, entry, or instance. A column represents an attribute, feature, variable, or characteristic shared by the entities. An entity is therefore the thing or observation being described; an attribute is one property used to describe it.\nA course-evaluation dataset might have one row for each semester offering and columns for semester, instructor, class size, and rating.""}]",0.9085677500006568,0.8686014170016279,0,2,1,,1,No-RAG hallucinates an embedding explanation; RAG correctly states that the course materials do not provide it.
